{
  "generator-jhipster": {
    "promptValues": {
      "packageName": "com.swtp5.gc"
    },
    "jhipsterVersion": "6.10.5",
    "applicationType": "monolith",
    "baseName": "greenconfi",
    "packageName": "com.swtp5.gc",
    "packageFolder": "com/swtp5/gc",
    "serverPort": "8080",
    "authenticationType": "jwt",
    "cacheProvider": "ehcache",
    "enableHibernateCache": true,
    "websocket": false,
    "databaseType": "sql",
    "devDatabaseType": "h2Disk",
    "prodDatabaseType": "mysql",
    "searchEngine": false,
    "messageBroker": false,
    "serviceDiscoveryType": false,
    "buildTool": "gradle",
    "enableSwaggerCodegen": false,
    "jwtSecretKey": "NTk2MTFjOGRlYmQ1OTdjZmNjOTA2NDNlNzMxMTkzNTY2MGE4NWZhZjdkMmE4ZWIyZWQ4OGFiYjdkM2Y1N2MzYjIyYjUwOGY0MzQ3ZjczZGZjMGM0ZTk0NzVhYzU0ZWEzMmNjZWIyMWJkNTQxOWI4Yzc5NWZkOWMxMWY0NjNmNTQ=",
    "embeddableLaunchScript": false,
    "useSass": true,
    "clientPackageManager": "npm",
    "clientFramework": "vue",
    "clientTheme": "darkly",
    "clientThemeVariant": "dark",
    "creationTimestamp": 1607020968162,
    "testFrameworks": [],
    "jhiPrefix": "jhi",
    "entitySuffix": "",
    "dtoSuffix": "DTO",
    "otherModules": [
      {
        "name": "generator-jhipster-vuejs",
        "version": "1.9.2"
      }
    ],
    "enableTranslation": false,
    "blueprints": [
      {
        "name": "generator-jhipster-vuejs",
        "version": "1.9.2"
      }
    ]
  }
}
