<?xml version='1.0' encoding='utf-8' ?>
<!DOCTYPE document SYSTEM "file:////opt/Xilinx/14.7/ISE_DS/ISE/xc9500xl/data/xmlReport9kxl.dtd">
<document><ascFile>Decoder.rpt</ascFile><devFile>/opt/Xilinx/14.7/ISE_DS/ISE/xc9500xl/data/xc9572xl.chp</devFile><mfdFile>Decoder.mfd</mfdFile><htmlFile logic_legend="logiclegend.htm" logo="xc9500xl_logo.jpg" pin_legend="pinlegend.htm"/><header date=" 5-25-2018" design="Decoder" device="XC9572XL" eqnType="1" pkg="PC44" speed="-5" status="1" statusStr="Successful" swVersion="P.20131013" time=" 11:57AM" version="1.0"/><inputs id="INPUT_1"/><global_inputs id="TAKT" pinnum="GCK1" use="GCK1" userloc="5"/><global_inputs id="RESET" pinnum="GSR" use="GSR" userloc="39"/><pin id="FB1_MC2_PIN1" pinnum="1"/><pin id="FB1_MC5_PIN2" pinnum="2" signal="C" slew="SLOW" use="O"/><pin id="FB1_MC6_PIN3" pinnum="3"/><pin id="FB1_MC8_PIN4" pinnum="4" signal="D" slew="SLOW" use="O"/><pin id="FB1_MC9_PIN5" pinnum="5" signal="TAKT" use="GCK"/><pin id="FB1_MC11_PIN6" pinnum="6" signal="E" slew="SLOW" use="O"/><pin id="FB1_MC14_PIN7" pinnum="7"/><pin id="FB1_MC15_PIN8" pinnum="8"/><pin id="FB1_MC17_PIN9" pinnum="9" signal="F" slew="SLOW" use="O"/><pin id="FB2_MC2_PIN35" pinnum="35"/><pin id="FB2_MC5_PIN36" pinnum="36"/><pin id="FB2_MC6_PIN37" pinnum="37"/><pin id="FB2_MC8_PIN38" pinnum="38"/><pin id="FB2_MC9_PIN39" pinnum="39" signal="RESET" use="GSR"/><pin id="FB2_MC11_PIN40" pinnum="40"/><pin id="FB2_MC14_PIN42" pinnum="42"/><pin id="FB2_MC15_PIN43" pinnum="43"/><pin id="FB2_MC17_PIN44" pinnum="44"/><pin id="FB3_MC2_PIN11" pinnum="11"/><pin id="FB3_MC5_PIN12" pinnum="12" signal="LED_EINS" use="O"/><pin id="FB3_MC8_PIN13" pinnum="13" signal="LED_ZWEI" use="O"/><pin id="FB3_MC9_PIN14" pinnum="14" signal="LED_NULL" use="O"/><pin id="FB3_MC11_PIN18" pinnum="18"/><pin id="FB3_MC14_PIN19" pinnum="19"/><pin id="FB3_MC15_PIN20" pinnum="20" signal="A" slew="SLOW" use="O"/><pin id="FB3_MC16_PIN24" pinnum="24" signal="H" slew="SLOW" use="O"/><pin id="FB3_MC17_PIN22" pinnum="22" signal="B" slew="SLOW" use="O"/><pin id="FB4_MC2_PIN25" pinnum="25" signal="L" slew="SLOW" use="O"/><pin id="FB4_MC5_PIN26" pinnum="26" signal="i" slew="SLOW" use="O"/><pin id="FB4_MC8_PIN27" pinnum="27" signal="J" slew="SLOW" use="O"/><pin id="FB4_MC11_PIN28" pinnum="28" signal="M" slew="SLOW" use="O"/><pin id="FB4_MC14_PIN29" pinnum="29" signal="K" slew="SLOW" use="O"/><pin id="FB4_MC15_PIN33" pinnum="33" signal="N" slew="SLOW" use="O"/><pin id="FB4_MC17_PIN34" pinnum="34" signal="INPUT_1" use="I"/><fblock id="FB1" inputUse="3" pinUse="4"><macrocell id="FB1_MC1"/><macrocell id="FB1_MC2" pin="FB1_MC2_PIN1"/><macrocell id="FB1_MC3"/><macrocell id="FB1_MC4"/><macrocell id="FB1_MC5" pin="FB1_MC5_PIN2" sigUse="0" signal="C"/><macrocell id="FB1_MC6" pin="FB1_MC6_PIN3"/><macrocell id="FB1_MC7"/><macrocell id="FB1_MC8" pin="FB1_MC8_PIN4" sigUse="3" signal="D"><pterms pt1="FB1_8_1" pt2="FB1_8_2"/></macrocell><macrocell id="FB1_MC9" pin="FB1_MC9_PIN5"/><macrocell id="FB1_MC10"/><macrocell id="FB1_MC11" pin="FB1_MC11_PIN6" sigUse="3" signal="E"><pterms pt1="FB1_11_1" pt2="FB1_11_2"/></macrocell><macrocell id="FB1_MC12"/><macrocell id="FB1_MC13"/><macrocell id="FB1_MC14" pin="FB1_MC14_PIN7"/><macrocell id="FB1_MC15" pin="FB1_MC15_PIN8"/><macrocell id="FB1_MC16"/><macrocell id="FB1_MC17" pin="FB1_MC17_PIN9" sigUse="3" signal="F"><pterms pt1="FB1_17_1" pt2="FB1_17_2"/></macrocell><macrocell id="FB1_MC18"/><fbinput id="FB1_I1" signal="LED_EINS"/><fbinput id="FB1_I2" signal="LED_NULL"/><fbinput id="FB1_I3" signal="LED_ZWEI"/><pterm id="FB1_8_1"><signal id="LED_ZWEI"/></pterm><pterm id="FB1_8_2"><signal id="LED_EINS" negated="ON"/><signal id="LED_NULL" negated="ON"/></pterm><pterm id="FB1_11_1"><signal id="LED_ZWEI"/></pterm><pterm id="FB1_11_2"><signal id="LED_EINS" negated="ON"/><signal id="LED_NULL" negated="ON"/></pterm><pterm id="FB1_17_1"><signal id="LED_ZWEI"/></pterm><pterm id="FB1_17_2"><signal id="LED_EINS" negated="ON"/><signal id="LED_NULL" negated="ON"/></pterm><equation id="C" userloc="2"><d2><eq_pterm ptindx="GND"/></d2></equation><equation id="D" negated="ON" regUse="D" userloc="4"><d1><eq_pterm ptindx="FB1_8_1"/></d1><d2><eq_pterm ptindx="FB1_8_2"/></d2><clk><fastsig signal="TAKT"/></clk><reset><fastsig signal="RESET"/></reset><prld ptindx="GND"/></equation><equation id="E" negated="ON" regUse="D" userloc="6"><d1><eq_pterm ptindx="FB1_11_1"/></d1><d2><eq_pterm ptindx="FB1_11_2"/></d2><clk><fastsig signal="TAKT"/></clk><reset><fastsig signal="RESET"/></reset><prld ptindx="GND"/></equation><equation id="F" negated="ON" regUse="D" userloc="9"><d1><eq_pterm ptindx="FB1_17_1"/></d1><d2><eq_pterm ptindx="FB1_17_2"/></d2><clk><fastsig signal="TAKT"/></clk><reset><fastsig signal="RESET"/></reset><prld ptindx="GND"/></equation></fblock><fblock id="FB2" inputUse="0" pinUse="0"><macrocell id="FB2_MC1"/><macrocell id="FB2_MC2" pin="FB2_MC2_PIN35"/><macrocell id="FB2_MC3"/><macrocell id="FB2_MC4"/><macrocell id="FB2_MC5" pin="FB2_MC5_PIN36"/><macrocell id="FB2_MC6" pin="FB2_MC6_PIN37"/><macrocell id="FB2_MC7"/><macrocell id="FB2_MC8" pin="FB2_MC8_PIN38"/><macrocell id="FB2_MC9" pin="FB2_MC9_PIN39"/><macrocell id="FB2_MC10"/><macrocell id="FB2_MC11" pin="FB2_MC11_PIN40"/><macrocell id="FB2_MC12"/><macrocell id="FB2_MC13"/><macrocell id="FB2_MC14" pin="FB2_MC14_PIN42"/><macrocell id="FB2_MC15" pin="FB2_MC15_PIN43"/><macrocell id="FB2_MC16"/><macrocell id="FB2_MC17" pin="FB2_MC17_PIN44"/><macrocell id="FB2_MC18"/></fblock><fblock id="FB3" inputUse="4" pinUse="6"><macrocell id="FB3_MC1"/><macrocell id="FB3_MC2" pin="FB3_MC2_PIN11"/><macrocell id="FB3_MC3"/><macrocell id="FB3_MC4"/><macrocell id="FB3_MC5" pin="FB3_MC5_PIN12" sigUse="1" signal="LED_EINS"><pterms pt1="FB3_5_1"/></macrocell><macrocell id="FB3_MC6"/><macrocell id="FB3_MC7"/><macrocell id="FB3_MC8" pin="FB3_MC8_PIN13" sigUse="2" signal="LED_ZWEI"><pterms pt1="FB3_8_1"/></macrocell><macrocell id="FB3_MC9" pin="FB3_MC9_PIN14" sigUse="1" signal="LED_NULL"><pterms pt1="FB3_9_1"/></macrocell><macrocell id="FB3_MC10"/><macrocell id="FB3_MC11" pin="FB3_MC11_PIN18"/><macrocell id="FB3_MC12"/><macrocell id="FB3_MC13"/><macrocell id="FB3_MC14" pin="FB3_MC14_PIN19"/><macrocell id="FB3_MC15" pin="FB3_MC15_PIN20" sigUse="3" signal="A"><pterms pt1="FB3_15_1" pt2="FB3_15_2"/></macrocell><macrocell id="FB3_MC16" pin="FB3_MC16_PIN24" sigUse="3" signal="H"><pterms pt1="FB3_16_1"/></macrocell><macrocell id="FB3_MC17" pin="FB3_MC17_PIN22" sigUse="0" signal="B"/><macrocell id="FB3_MC18"/><fbinput id="FB3_I1" signal="INPUT_1"/><fbinput id="FB3_I2" signal="LED_EINS"/><fbinput id="FB3_I3" signal="LED_NULL"/><fbinput id="FB3_I4" signal="LED_ZWEI"/><pterm id="FB3_5_1"><signal id="LED_NULL"/></pterm><pterm id="FB3_8_1"><signal id="LED_EINS" negated="ON"/><signal id="LED_NULL" negated="ON"/></pterm><pterm id="FB3_9_1"><signal id="INPUT_1"/></pterm><pterm id="FB3_15_1"><signal id="LED_ZWEI"/></pterm><pterm id="FB3_15_2"><signal id="LED_EINS" negated="ON"/><signal id="LED_NULL" negated="ON"/></pterm><pterm id="FB3_16_1"><signal id="LED_EINS"/><signal id="LED_NULL"/><signal id="LED_ZWEI" negated="ON"/></pterm><equation id="LED_EINS" negated="ON" regUse="T" userloc="12"><d2><eq_pterm ptindx="FB3_5_1"/></d2><clk><fastsig signal="TAKT"/></clk><set><fastsig signal="RESET"/></set><prld ptindx="VCC"/></equation><equation id="LED_ZWEI" regUse="T" userloc="13"><d2><eq_pterm ptindx="FB3_8_1"/></d2><clk><fastsig signal="TAKT"/></clk><set><fastsig signal="RESET"/></set><prld ptindx="VCC"/></equation><equation id="LED_NULL" regUse="T" userloc="14"><d2><eq_pterm ptindx="FB3_9_1"/></d2><clk><fastsig signal="TAKT"/></clk><set><fastsig signal="RESET"/></set><prld ptindx="VCC"/></equation><equation id="A" negated="ON" regUse="D" userloc="20"><d1><eq_pterm ptindx="FB3_15_1"/></d1><d2><eq_pterm ptindx="FB3_15_2"/></d2><clk><fastsig signal="TAKT"/></clk><reset><fastsig signal="RESET"/></reset><prld ptindx="GND"/></equation><equation id="H" userloc="24"><d2><eq_pterm ptindx="FB3_16_1"/></d2></equation><equation id="B" userloc="22"><d2><eq_pterm ptindx="GND"/></d2></equation></fblock><fblock id="FB4" inputUse="3" pinUse="7"><macrocell id="FB4_MC1"/><macrocell id="FB4_MC2" pin="FB4_MC2_PIN25" sigUse="3" signal="L"><pterms pt1="FB4_2_1"/></macrocell><macrocell id="FB4_MC3"/><macrocell id="FB4_MC4"/><macrocell id="FB4_MC5" pin="FB4_MC5_PIN26" sigUse="3" signal="i"><pterms pt1="FB4_5_1"/></macrocell><macrocell id="FB4_MC6"/><macrocell id="FB4_MC7"/><macrocell id="FB4_MC8" pin="FB4_MC8_PIN27" sigUse="3" signal="J"><pterms pt1="FB4_8_1"/></macrocell><macrocell id="FB4_MC9"/><macrocell id="FB4_MC10"/><macrocell id="FB4_MC11" pin="FB4_MC11_PIN28" sigUse="3" signal="M"><pterms pt1="FB4_11_1" pt2="FB4_11_2"/></macrocell><macrocell id="FB4_MC12"/><macrocell id="FB4_MC13"/><macrocell id="FB4_MC14" pin="FB4_MC14_PIN29" sigUse="3" signal="K"><pterms pt1="FB4_14_1" pt2="FB4_14_2"/></macrocell><macrocell id="FB4_MC15" pin="FB4_MC15_PIN33" sigUse="3" signal="N"><pterms pt1="FB4_15_1" pt2="FB4_15_2"/></macrocell><macrocell id="FB4_MC16"/><macrocell id="FB4_MC17" pin="FB4_MC17_PIN34"/><macrocell id="FB4_MC18"/><fbinput id="FB4_I1" signal="LED_EINS"/><fbinput id="FB4_I2" signal="LED_NULL"/><fbinput id="FB4_I3" signal="LED_ZWEI"/><pterm id="FB4_2_1"><signal id="LED_EINS"/><signal id="LED_NULL"/><signal id="LED_ZWEI"/></pterm><pterm id="FB4_5_1"><signal id="LED_EINS" negated="ON"/><signal id="LED_NULL"/><signal id="LED_ZWEI"/></pterm><pterm id="FB4_8_1"><signal id="LED_EINS"/><signal id="LED_NULL"/><signal id="LED_ZWEI"/></pterm><pterm id="FB4_11_1"><signal id="LED_EINS" negated="ON"/><signal id="LED_NULL"/><signal id="LED_ZWEI"/></pterm><pterm id="FB4_11_2"><signal id="LED_EINS" negated="ON"/><signal id="LED_NULL" negated="ON"/><signal id="LED_ZWEI" negated="ON"/></pterm><pterm id="FB4_14_1"><signal id="LED_NULL"/><signal id="LED_ZWEI" negated="ON"/></pterm><pterm id="FB4_14_2"><signal id="LED_EINS" negated="ON"/><signal id="LED_NULL" negated="ON"/><signal id="LED_ZWEI"/></pterm><pterm id="FB4_15_1"><signal id="LED_NULL"/><signal id="LED_ZWEI" negated="ON"/></pterm><pterm id="FB4_15_2"><signal id="LED_EINS" negated="ON"/><signal id="LED_NULL" negated="ON"/><signal id="LED_ZWEI"/></pterm><equation id="L" negated="ON" userloc="25"><d2><eq_pterm ptindx="FB4_2_1"/></d2></equation><equation id="i" userloc="26"><d2><eq_pterm ptindx="FB4_5_1"/></d2></equation><equation id="J" userloc="27"><d2><eq_pterm ptindx="FB4_8_1"/></d2></equation><equation id="M" negated="ON" userloc="28"><d2><eq_pterm ptindx="FB4_11_1"/><eq_pterm ptindx="FB4_11_2"/></d2></equation><equation id="K" userloc="29"><d2><eq_pterm ptindx="FB4_14_1"/><eq_pterm ptindx="FB4_14_2"/></d2></equation><equation id="N" userloc="33"><d2><eq_pterm ptindx="FB4_15_1"/><eq_pterm ptindx="FB4_15_2"/></d2></equation></fblock><vcc/><gnd/><messages><warning>Cpld - Unable to retrieve the path to the iSE Project Repository. Will   use the default filename of 'Decoder.ise'.</warning></messages><compOpts exhaust="OFF" gclkopt="ON" gsropt="ON" gtsopt="ON" ignorets="OFF" inputs="54" keepio="OFF" loc="ON" mlopt="ON" optimize="SPEED" part="xc9572xl-5-PC44" power="STD" prld="LOW" pterms="25" slew="FAST" terminate="KEEPER" unused="OFF" wysiwyg="OFF"/></document>
